{"cameraMode":{"drawMode":0,"name":"Shaded","section":"Shading Mode"},"sceneLighting":false,"audioPlay":false,"sceneViewState":{"m_AlwaysRefresh":false,"showFog":true,"showSkybox":true,"showFlares":true,"showImageEffects":true,"showParticleSystems":true,"showVisualEffectGraphs":true,"m_FxEnabled":true},"in2DMode":false,"pivot":{"x":1.394773006439209,"y":1.6436866521835328,"z":-4.507434368133545},"rotation":{"x":-0.03175703436136246,"y":0.05454352870583534,"z":-0.0017351312562823296,"w":-0.9980142712593079},"size":2.2280848026275636,"orthographic":false}